Feature,Importance
LivArea_Qual,0.6204912634964691
Bsmt_Qual,0.09013052145043528
BsmtQual,0.04805031462586798
TotalSF,0.03556107085460491
OverallQual_sq,0.023693636280456523
BsmtFinSF1,0.01454115759606048
OverallQual,0.00954669850228822
HouseAge_sq,0.008766637798493536
YearBuilt,0.007878970770123823
GarageArea,0.0074673482767849695
LotArea,0.0066542804770150545
BsmtUnfSF,0.0066042562662152905
HouseAge,0.006511917855137933
Qual_Cond,0.0056297712090073926
YearRemodAdd,0.005535356534006643
Age_Qual,0.005222509690898551
YearsSinceRemodel,0.004682089954755561
1stFlrSF,0.004067497775467844
MSZoning_RM,0.0038065810273310114
WoodDeckSF,0.003806484803003571
Fireplaces,0.0035402651348605207
LotFrontage,0.0033337017127585806
ExterQual,0.0029477875230242575
TotalPorchSF,0.0029157904232525404
GarageFinish_Unf,0.002873407053569318
TotalBsmtSF_sq,0.0028485415850374586
TotalBsmtSF,0.0028408201609367027
KitchenQual,0.0027963316850675678
MasVnrArea,0.0027815127283224534
BsmtFinType1,0.0024453738389048204
MoSold,0.0023771074068034935
OpenPorchSF,0.002338947540324095
GarageYrBlt,0.0021971517914767423
GrLivArea,0.002172368419905712
GarageAge,0.002092145590029582
GrLivArea_sq,0.002017513874068026
BsmtExposure,0.0019368033906419083
OverallCond,0.00191934083249072
Neighborhood_OldTown,0.001864351048317516
MSSubClass,0.0017649578639302088
GarageCars,0.0017041451313846016
TotRmsAbvGrd,0.0016625289258446084
2ndFlrSF,0.0016107141609241682
CentralAir_Y,0.001403042452401528
YrSold,0.0011866288641758536
ScreenPorch,0.0010608242131396816
BsmtFullBath,0.0010436848506988926
Neighborhood_Crawfor,0.0007725583801461305
LotShape_Reg,0.000741456227875901
BedroomAbvGr,0.0007141784651151472
GarageType_Detchd,0.0006845959603292799
SaleCondition_Normal,0.0006557065133893527
HalfBath,0.0006275554863726939
HeatingQC,0.00056672366775035
FireplaceQu,0.0005579050015205747
HouseStyle_SLvl,0.0005512638783563835
Functional_Typ,0.0005203016052860508
MSZoning_RL,0.0005137964194539653
BsmtCond,0.00048749184129132897
GarageFinish_RFn,0.0004645260418269619
SaleType_New,0.00046040101655528165
EnclosedPorch,0.0004344653388550536
SaleType_WD,0.00041705910179296176
GarageType_Attchd,0.00041279988007937146
Exterior1st_MetalSd,0.0004106294210877131
FullBath,0.00040453661794186927
Neighborhood_NridgHt,0.00039740578515129265
LandContour_HLS,0.00038704163023608453
SaleCondition_Partial,0.00037582552476355074
ExterCond,0.0003120746126454173
BsmtFinSF2,0.00031066175924205475
IsRemodeled,0.00030885162813601723
3SsnPorch,0.00030316452809459033
RoofStyle_Gable,0.0002996052673114773
LotConfig_Inside,0.00029476540987206484
Neighborhood_StoneBr,0.0002891788561200709
LandContour_Lvl,0.0002766069641289949
Foundation_PConc,0.000267400993202953
PavedDrive_Y,0.000264634457999829
Neighborhood_CollgCr,0.00025670221822694247
SaleCondition_Family,0.0002564312963713471
LotConfig_CulDSac,0.00024243911653525757
RoofStyle_Hip,0.0002403649577521612
Exterior2nd_MetalSd,0.00023977683494614315
Exterior2nd_VinylSd,0.00021749272679536728
Exterior1st_Wd Sdng,0.0002081441082967813
BsmtFinType2,0.00020780326829120767
MasVnrType_Stone,0.00018912964902971993
Exterior2nd_Wd Sdng,0.00018241540120340853
Exterior1st_VinylSd,0.0001740778129116246
Condition1_Norm,0.00017389146314021758
Exterior1st_BrkFace,0.0001724089482623271
HouseStyle_2Story,0.0001643900466799089
Neighborhood_Somerst,0.0001517292313391469
Neighborhood_NAmes,0.00015042502236197166
LandSlope_Mod,0.00014686596141229907
MasVnrType_BrkFace,0.0001449631575944495
Exterior2nd_Plywood,0.00014076241038725668
Exterior1st_Plywood,0.0001351351594244866
Neighborhood_Edwards,0.00013223720545241344
Foundation_CBlock,0.00013104226671381021
Exterior1st_CemntBd,0.0001290459028940734
KitchenAbvGr,0.00011313252745274684
MSZoning_FV,0.0001088505178472011
Exterior1st_HdBoard,0.00010475181553361915
GarageType_BuiltIn,0.00010398878373258538
Exterior2nd_HdBoard,9.938679546272358e-05
Neighborhood_Veenker,9.916484015228951e-05
Condition1_Feedr,9.186922356992852e-05
GarageQual,8.966475123296108e-05
Exterior2nd_CmentBd,8.309500142990832e-05
HouseStyle_1Story,7.71832666293102e-05
Neighborhood_Gilbert,7.713993809595338e-05
Exterior1st_BrkComm,7.615197518478391e-05
Functional_Min1,7.473454366843587e-05
Neighborhood_NWAmes,7.274349191276652e-05
Functional_Mod,7.217327863941031e-05
BsmtHalfBath,6.938561681291367e-05
Electrical_SBrkr,6.740785551389111e-05
Neighborhood_NoRidge,6.661970154370172e-05
LotConfig_FR2,6.604069630896189e-05
Neighborhood_BrkSide,6.537598897441146e-05
Neighborhood_ClearCr,6.244934873878106e-05
Exterior2nd_Brk Cmn,6.094872303166906e-05
LowQualFinSF,5.9631189741640184e-05
GarageCond,5.523128015518779e-05
Neighborhood_SawyerW,5.0800250194589033e-05
Neighborhood_IDOTRR,4.9769900638327694e-05
Condition1_PosA,4.405015684725029e-05
Neighborhood_Sawyer,4.0348106050298846e-05
GarageType_CarPort,3.575490072543108e-05
MiscVal,3.2181436030953384e-05
Exterior2nd_Wd Shng,3.2076016383327274e-05
LotConfig_FR3,3.186500222418113e-05
MSZoning_RH,3.158794596720419e-05
BldgType_Duplex,3.152368954588624e-05
Neighborhood_Mitchel,3.142288990748256e-05
SaleCondition_Alloca,3.0078845558286328e-05
Condition1_RRAe,2.9491140780186238e-05
LotShape_IR2,2.9030305386145684e-05
SaleType_ConLD,2.8178118073870156e-05
Heating_GasA,2.6293249801210516e-05
Functional_Min2,2.4850161000942573e-05
Condition1_PosN,2.2438130220355286e-05
Functional_Sev,2.2005818363455303e-05
Exterior2nd_Stucco,2.0363416656456988e-05
LandContour_Low,1.94738785303733e-05
RoofStyle_Gambrel,1.930199446146904e-05
Exterior1st_Stucco,1.8647161477400373e-05
PavedDrive_P,1.795735629927513e-05
Functional_Maj2,1.7320695444775897e-05
BldgType_Twnhs,1.7318672808350603e-05
Electrical_FuseF,1.6444903729770547e-05
PoolArea,1.62876054628098e-05
Neighborhood_Timber,1.6264163001539507e-05
BldgType_TwnhsE,1.6040297985331708e-05
SaleType_Con,1.5619617151855747e-05
Neighborhood_SWISU,1.3667724214429637e-05
GarageType_Basment,1.3588440908896107e-05
Exterior2nd_ImStucc,1.2580976714151213e-05
Exterior2nd_BrkFace,1.2569687903782243e-05
BldgType_2fmCon,1.2359786082652162e-05
RoofMatl_Tar&Grv,1.227843944873386e-05
Exterior2nd_Other,1.1685292696700467e-05
Exterior1st_WdShing,1.1470467687027979e-05
HouseStyle_2.5Unf,1.1417836120123768e-05
SaleType_CWD,1.0457928262364268e-05
Exterior2nd_Stone,1.001212793632205e-05
HouseStyle_2.5Fin,8.939140774601076e-06
Neighborhood_NPkVill,8.595187125256259e-06
HouseStyle_SFoyer,8.523758492146784e-06
Foundation_Stone,7.495863207011249e-06
Condition1_RRAn,7.494534674360728e-06
Heating_GasW,6.975950467431152e-06
Foundation_Slab,6.2390912399053946e-06
SaleType_ConLw,5.9917746486601854e-06
SaleCondition_AdjLand,5.631582127081283e-06
Exterior1st_Stone,4.895663896147389e-06
SaleType_ConLI,4.882013552938166e-06
Neighborhood_MeadowV,4.757572663590374e-06
Condition2_Norm,4.747863245785821e-06
LotShape_IR3,4.554758436608314e-06
Exterior2nd_AsphShn,4.1069691874756665e-06
Foundation_Wood,3.3641820193083395e-06
Neighborhood_Blueste,3.1496408118534507e-06
HouseStyle_1.5Unf,2.920537920601343e-06
Heating_OthW,2.4826285621656773e-06
Heating_Grav,2.2424506088625837e-06
Street_Pave,2.0954049306827833e-06
Utilities_NoSeWa,1.4438296466318684e-06
Heating_Wall,1.3181141269532108e-06
Electrical_FuseP,9.639388489410145e-07
Condition1_RRNn,9.469637139075283e-07
Neighborhood_BrDale,8.754371526239454e-07
SaleType_Oth,7.31186228247539e-07
Exterior1st_AsphShn,5.156673717711885e-07
LandSlope_Sev,4.5086296473436407e-07
Condition2_PosA,3.709025396028275e-07
RoofStyle_Shed,2.814696270572683e-07
Exterior1st_ImStucc,2.2664168400117017e-07
RoofMatl_WdShake,1.9781636129624235e-07
Condition2_RRAn,1.8998543337994e-07
RoofStyle_Mansard,1.5003409769812838e-07
Condition2_Feedr,1.3167224506177076e-07
Condition2_PosN,6.872469522088173e-08
Exterior2nd_CBlock,3.530446315735247e-08
Exterior1st_CBlock,1.2303713116537486e-08
Condition1_RRNe,4.871065841901969e-09
RoofMatl_Roll,3.44118593758282e-09
Condition2_RRNn,2.2937634811570622e-09
RoofMatl_WdShngl,3.8976089493504074e-10
Condition2_RRAe,0.0
